[
    [
      {
        "nome": "Sofia Josafá",
        "idade": 17,
        "matricula": "12300012",
         "alunos": []
      },
      {
        "nome": "Erica Luciane",
        "idade": 48,
        "matricula": "1250129",
         "alunos": []
      },
      {
        "nome": "Samuel Josafá",
        "idade": 13,
        "matricula": "1234208",
         "alunos": []
      },
      {
        "nome": "Lissandro Flávio ",
        "idade": 48,
        "matricula": "1230121",
         "alunos": []
      }
    ]
]